,1月1日,1月2日,1月3日,1月4日,1月5日,1月6日,1月7日,1月8日,1月9日,1月10日,1月11日,1月12日,1月13日,1月14日,1月15日,1月16日,1月17日,1月18日,1月19日,1月20日,1月21日,1月22日,1月23日,1月24日,1月25日,1月26日,1月27日,1月28日,1月29日,1月30日,1月31日,2月1日,2月2日,2月3日,2月4日,2月5日,2月6日,2月7日,2月8日,2月9日,2月10日,2月11日,2月12日,2月13日,2月14日,2月15日,2月16日,2月17日,2月18日,2月19日,2月20日,2月21日,2月22日,2月23日,3月7日,3月8日,3月9日,3月10日,3月11日,3月12日,3月13日,3月14日,3月15日,3月16日,3月17日,3月18日,3月19日,3月20日,3月21日,3月22日,3月23日,3月24日,3月25日,3月26日,3月27日,3月28日,3月29日,3月30日,3月31日,4月1日,4月2日,4月3日,4月4日,4月5日,4月6日,4月7日,4月8日,4月9日,4月10日,4月11日,4月12日,4月13日,4月14日,4月15日,4月16日,4月17日,4月18日,4月19日,4月20日,4月21日,4月22日,4月23日,4月24日,4月25日,4月26日,4月27日,4月28日,4月29日,4月30日,5月1日,5月2日,5月3日,5月4日,5月5日,5月6日,5月7日,5月8日,5月9日,5月10日,5月11日,5月12日,5月13日,5月14日,5月15日,5月16日,5月17日,5月18日,5月19日,5月21日,5月22日,5月23日,5月24日,5月25日,5月26日,5月27日,5月28日,5月29日,5月30日,5月31日,6月1日,6月2日,6月3日,6月4日,6月5日,6月6日,6月7日,6月8日,6月9日,6月10日,6月11日,6月12日,6月13日,6月14日,6月15日,6月16日,6月17日,6月18日,6月19日,6月20日,6月21日,6月22日,6月23日,6月24日,6月25日,6月26日,6月27日,6月28日,6月29日,6月30日,7月1日,7月2日,7月3日,7月4日,7月5日,7月6日,7月7日,7月8日,7月9日,7月10日,7月11日,7月12日,7月13日,7月14日,7月15日,7月16日,7月17日,7月18日,7月19日,7月20日,7月21日,7月22日,7月23日,7月24日,7月25日,7月26日,7月27日,7月28日,7月29日,7月30日,7月31日,8月1日,8月2日,8月3日,8月4日,8月5日,8月6日,8月7日,8月8日,8月9日,8月10日,8月11日,8月12日,8月13日,8月14日,8月15日,8月16日,8月17日,8月18日,8月19日,8月20日,8月21日,8月22日,8月23日,8月24日,8月25日,8月26日,8月27日,8月28日,8月29日,8月30日,8月31日,9月1日,9月2日,9月3日,9月4日,9月5日,9月6日,9月7日,9月8日,9月9日,9月10日,9月11日,9月12日,9月13日,9月14日,9月15日,9月16日,9月17日,9月18日,9月19日,9月20日,9月21日,9月22日,9月23日,9月24日,9月25日,9月26日,9月27日,9月28日,9月29日,9月30日,10月1日,10月2日,10月3日,10月4日,10月5日,10月6日,10月7日,10月8日,10月9日,10月10日,10月11日,10月12日,10月13日,10月14日,10月15日,10月16日,10月17日,10月18日,10月19日,10月20日,10月21日,10月22日,10月23日,10月24日,10月25日,10月26日,10月27日,10月28日,10月29日,10月30日,10月31日,11月1日,11月2日,11月3日,11月4日,11月5日,11月6日,11月7日,11月8日,11月9日,11月10日,11月11日,11月12日,11月13日,11月14日,11月15日,11月16日,11月17日,11月18日,11月19日,11月20日,11月21日,11月22日,11月23日,11月24日,11月25日,11月26日,11月27日,11月28日,11月29日,11月30日,12月1日,12月2日,12月3日,12月4日,12月5日,12月6日,12月7日,12月8日,12月9日,12月10日,12月11日,12月12日,12月13日,12月14日,12月15日,12月16日,12月17日,12月18日,12月19日,12月20日,12月21日,12月22日,12月23日,12月24日,12月25日,12月26日,12月27日,12月28日,12月29日,12月30日,12月31日
进水流量,26025 ,27038,27457,24434,21380,23482,23499,26631,24950,24219,26008,25722,25524,24467,24901,25654,26041,25008,25741,26346,26611,25841,27464,26860,22016,22477,21591,22621,23907,24073,25311,23553 ,23234,22466,23052,21360,22825,26021,23040,23600,23167,22042,22940,22927,23135,22006,23069,21692,22544,21238,21911,22161,21436,22171,23746,22117,21644,21618,21919,23167,21921,23338,23085,21783,22408,22780,22889,24552,23233,23389,23596,23478,22980,23498,22745,23029,22774,25854,23144,24210 ,22416,24528,25676,24292,24841,25979,25980,24078,32611,26363,25397,25469,24682,26352,25418,28045,30694,27683,27087,28967,28442,29368,27502,26913,27493,28983,27504,26471,27819,28962 ,29171,29069,31569,28792,27652,30171,30614,33603,26627,26674,26694,26976,27288,28887,31412,29651,29811,29108,29343,29439,29479,29245,29988,27259,27483,28779,29370,32890,29926,30253 ,31031,29896,30004,30370,30809,28396,31905,30812,30363,33629,31902,30015,30468,38495,45672,41939,31461,31334,32876,31669,30847,29740,31469,30859,33111,36375,31984,32680,32713,31109 ,31551,31158,40057,32223,32696,30809,42289,42965,33351,35175,38175,32521,36881,32550,31378,36263,32690,41065,29481,32636,45374,33256,30728,38206,35321,30755,31057,31685,34032,38382,35561 ,33604,36007,41134,36540,40651,43699,35647,32830,33882,37940,42917,34975,33174,31840,32195,34969,34055,45154,40115,33784,34132,38091,36287,34074,33077,32481,31999,34072,35268,30953,32894 ,33401,35497,34354,34582,36069,31643,31285,29769,30475,30651,30450,30205,28885,31318,31076,30616,31045,33597,30118,31099,30160,30938,30369,32629,36198,34892,32787,30555,31003,31902 ,30878,31189,30082,30719 ,30305 ,31604 ,32898,31042,31559,31666,32200,45597,40724,33744,33368,32718,31923,33124,31855,31273,31736,33347,32744,31666,28948,28671,29049,28743,27697,27474,28940 ,29934,25921,27812,27017 ,28386 ,29205 ,28895,28326,29556,29580,30110,29832,30101,29845,27102,37215,33032,28371,32947,37307,31293,35026,28221,26887,27149,27897,27812,28439,27082,31885 ,27446,26394,26227,26995 ,25766 ,25527 ,26376,25720,26151,25227,26926,26840,23961,26479,25589,24928,24570,26948,27326,24715,24297,22593,23519,23198,23181,23559,25673,23464,22087,23376
进水氨氮浓度,52.60 ,39.81 ,41.59 ,47.13 ,38.76 ,21.81 ,34.65 ,25.66 ,33.13 ,41.51 ,47.61 ,41.10 ,46.69 ,48.74 ,54.54 ,44.81 ,49.77 ,45.75 ,53.16 ,47.56 ,51.52 ,55.42,52.08 ,56.83 ,53.45 ,60.38 ,55.97 ,62.69 ,52.67 ,57.52 ,54.67 ,48.90 ,44.52 ,52.13 ,53.23 ,56.92 ,63.85 ,49.53 ,50.64 ,40.95 ,46.28 ,41.76 ,46.80 ,58.14 ,52.46,56.11 ,55.68 ,56.13 ,59.30 ,60.20 ,62.30 ,61.90 ,62.70 ,62.50 ,40.24 ,41.25 ,36.91 ,48.47 ,44.77 ,45.24 ,37.18 ,49.25 ,43.66 ,41.81 ,44.71 ,51.77 ,41.10 ,35.21 ,45.44 ,33.56 ,33.52 ,41.38 ,42.77 ,38.34 ,41.15 ,43.47 ,41.09 ,44.50 ,37.95 ,42.61 ,42.20 ,42.31 ,39.78 ,40.48 ,48.16 ,40.82 ,40.24 ,35.83 ,38.29 ,27.98 ,33.72 ,36.68 ,34.10 ,36.82 ,33.92 ,33.18 ,42.07 ,32.71 ,35.40 ,32.49 ,30.99 ,32.34 ,26.81 ,52.11 ,32.13 ,35.14 ,33.63 ,31.21 ,34.56 ,54.91 ,34.76 ,38.64 ,27.90 ,22.31 ,34.87 ,33.61 ,24.94 ,26.19 ,25.85 ,35.68 ,36.35 ,37.20 ,35.20 ,37.04 ,33.11 ,35.63 ,35.30 ,35.21 ,27.39 ,34.50 ,31.78 ,33.32 ,35.37 ,31.68 ,37.64 ,35.62 ,34.51 ,30.74 ,36.33 ,33.49,38.93,30.44,35.12,32.47,37.82,34.80 ,35.40 ,33.02,32.94,32.17,33.32,33.65,33.9,34.45,32.07,19.2,27.66,29.66,28.85,32.13,35.67,32.16,34.81,30.87,38.91,37.18,37.67,22.53,34.10 ,25.67 ,39.76 ,33.52 ,36.47 ,29.35,32.83,33.85 ,32.59 ,22.36 ,21.36 ,26.21 ,24.30 ,24.75 ,31.19 ,31.47 ,34.65 ,37.35 ,32.39 ,34.58 ,27.89 ,35.03 ,38.89 ,20.80 ,32 ,35.99 ,37.84 ,24.90 ,32.18 ,35.67 ,40.49 ,35.66 ,32.33 ,27.35 ,37.47 ,32.63 ,16.62 ,20.17 ,28.92 ,36.17 ,24.77 ,34.1,33.7,29.3,25.1,27.8,32.2,21.3,26.6,58.9,58.8,27.8,29.4,24,28.4,33.3,29.9,33.7,34.9,32.7,33.2,29.8,31.7,35.4,32.8,27.6,29.8,28.4,26.7,31.3,27.7,32.4,34,30.6,33.7,30.3,34.8,33.3,31.9,29.3,30.9,28.6,30.3,36.9,32.8,38.5,35.6,32.1,34.7,28.7,27.7,25.1,28.3,31.2,37.6,34.3,36.7,35.4,33.9,36.9,33.2,32.6,29.7,32.6,34.9,35.7,51.8,19.6,27.9,32.3,35.1,37.8,27.4,30.9,31.7,32.0 ,39.2,31.6,44.3,31.1,27.6,28.0 ,47.8,29.8,27.9 ,34.4 ,37.6 ,31.6 ,27.3 ,31.4 ,27.0 ,42.1 ,30.6 ,29.3 ,30.3 ,29.7 ,30.5 ,38.7 ,34.9 ,29.1 ,29.0 ,26.5 ,22.8 ,29.6 ,27.7 ,29.9 ,33.7 ,29.5 ,27.6 ,30.1 ,29.7 ,29.10 ,33.7 ,28.4 ,40.4,34.1,29.8,37.9,43.5,37.1,41.3,40.9,35.8,42.1,39.4,42,37.2,41.3,45.7,43.8,38.7,40.3,39.4,37.5,41.6,39.4,40.3 ,42.1,41.3,40.8,39.4,42.1,39.1 ,35.4 ,38.8
进水COD浓度,253.95 ,634.88 ,789.63 ,607.10 ,468.22 ,805.50 ,726.14 ,406.72 ,376.96 ,662.66 ,488.06 ,615.00 ,505.92 ,591.23 ,559.49 ,698.37 ,769.79 ,714.24 ,708.48 ,684.86 ,834.43 ,934.8,371.95 ,440.83,275.52 ,338.50 ,358.18 ,318.82 ,272.37 ,306.61 ,303.07 ,287.33 ,247.31 ,238.56 ,269.57 ,254.46 ,290.25 ,337.96 ,318.08 ,369.77 ,385.67 ,437.36 ,341.94 ,381.70 ,330.80 ,274.34 ,245.72 ,254.46 ,245.00 ,458.00 ,606.00 ,682.00 ,756.00 ,672.00 ,245.51 ,243.51 ,155.69 ,550.90 ,822.35 ,594.81 ,747.52 ,595.68 ,647.54 ,513.92 ,467.20 ,511.58 ,341.06 ,819.94 ,429.82 ,385.44 ,289.37 ,313.02 ,420.48 ,476.54 ,336.38 ,373.76 ,320.03 ,317.70 ,294.34 ,350.40 ,313.02 ,207.79 ,461.76 ,388.65 ,273.59 ,211.64 ,242.42 ,208.61 ,393.60 ,614.02 ,436.90 ,377.86 ,366.05 ,354.24 ,318.82 ,291.26 ,336.53 ,358.18 ,373.92 ,279.46 ,216.48 ,259.78 ,468.38 ,537.26 ,314.88 ,324.62 ,314.88 ,271.58 ,283.39 ,780.51 ,575.44 ,488.06 ,436.90 ,369.98 ,204.67 ,377.86 ,634.22 ,321.46 ,523.02 ,325.80 ,284.53 ,364.90 ,452.21 ,262.81 ,399.65 ,390.96 ,195.48 ,304.94 ,447.50 ,366.51 ,487.58 ,413.20 ,289.24 ,293.37 ,272.71 ,212.80 ,260.32 ,256.18 ,297.50 ,360.77,346.48,378.63,316.12,287.55,332.55,325.05 ,328.62,296.48,360.77,260.76,573.31,386.40 ,327.60 ,454.44,199.5,170.1,205.8,222.6,218.4,222.6,231.84,289.8,268.8,361.2,410.34,369.6,338.1,310.8,263.76,371.70 ,493.70 ,414.96 ,378.78 ,393.68,368.14,206.42,257.49 ,221.31 ,311.96 ,304.30 ,241.74 ,421.34 ,344.74 ,272.38 ,336.22 ,476.67 ,369.88 ,382.35 ,376.12 ,527.81 ,515.97 ,379.41 ,424.77 ,445.39 ,397.97 ,271.77 ,263.62 ,334.69 ,278.91 ,274.98 ,263.84 ,274.98 ,230.39 ,237.82 ,150.50 ,213.67 ,188.77 ,183.94 ,182.67 ,637,429,386,356,407,428,431,421,358,434,384,335,310,331,233,276,331,356,309,322,301,267,344,229,244,270,252,366,259,323,249,273,264,252,312,327,387,381,347,247,304,342,508,426,372,233,296,322,364,388,397,307,433,473,419,448,409,400,370,382,363,257,316,662,568,341,323,181,269,254,171,375,311,210,301,408,455,377,204,327,257,268,367,296,393,270,341,337,285,290,574,303,348,267,270,332,306,317,295,266,283,354,306,274,302,286,278,238,310,250,266 ,310,292,338,265,230,401,378,393,408,378,359,429,382,328,313,319,398,244,278,298,332,306,298,309,235,280,257,254,276,353,523,466,252
进水TN浓度,57.06 ,57.19 ,65.67 ,61.34 ,54.31 ,85.09 ,58.36 ,37.47 ,39.62 ,46.74 ,48.85 ,65.40 ,53.19 ,56.29 ,60.13 ,56.85 ,58.15 ,57.64 ,57.57 ,59.85 ,59.39 ,60.7,63.20 ,65.74 ,62.34 ,67.83 ,65.47 ,63.36 ,75.43 ,63.19 ,60.62 ,62.21 ,59.41 ,61.27 ,60.59 ,63.50 ,68.47 ,65.87 ,63.79 ,66.54 ,67.13 ,70.91,55.64 ,67.19 ,59.27 ,64.62 ,63.77 ,60.66 ,65.37 ,67.83 ,70.31 ,65.49 ,72.32 ,69.53 ,55.96 ,56.17 ,71.11 ,40.41 ,64.97 ,49.74 ,52.86 ,63.22 ,58.67 ,69.64 ,53.79 ,62.52 ,46.14 ,49.17 ,56.12 ,57.41 ,45.17 ,58.74 ,57.45 ,47.56 ,48.45 ,47.91 ,53.42 ,55.31 ,42.67 ,35.27 ,54.12 ,59.00 ,42.83 ,47.72 ,52.07 ,41.47 ,65.49 ,50.94 ,44.46 ,47.35 ,38.54 ,46.36 ,41.71 ,48.77 ,44.71 ,39.32 ,56.77 ,43.64 ,44.14,42.82 ,41.26 ,49.77 ,52.93 ,58.42 ,57.47 ,40.53 ,39.66 ,46.72 ,43.64 ,68.90 ,52.05 ,59.39 ,35.37 ,44.61 ,47.32 ,46.15 ,40.87 ,37.17 ,41.09 ,43.79 ,48.76 ,42.66 ,53.67 ,46.83 ,58.52 ,43.47 ,63.15 ,47.72 ,62.63 ,50.30 ,57.13 ,55.79 ,47.77 ,49.55 ,58.63 ,49.74 ,52.36 ,48.43 ,50.75 ,52.62,50.35,53.23,43.56,48.79,51.28,40.65 ,50.70 ,45.51,55.61,56.86,59.09,53.23,56.2,46.74,42.96,57.22,55.26,49.27,48.67,45.43,41.82,46.52,40.69,48.39,52.33,50.42,53.27,37.16,48.32,51.55 ,58.06 ,49.45 ,52.11 ,64.26,58.17,41.93,48.77 ,36.84 ,36.60 ,43.07 ,41.62 ,31.58 ,43.70 ,45.78 ,48.64 ,46.17 ,43.89 ,41.72 ,39.84 ,40.51 ,49.71 ,42.59 ,46.20 ,48.98 ,45.71 ,38.13 ,40.66 ,45.22 ,53.56 ,43.67 ,40.15 ,42.72 ,47.05 ,39.90 ,32.51 ,26.49 ,41.87 ,39.22 ,35.48 ,37.7,39.9,38.76,38.9,58.6,52.0 ,46.3,48.2,63.1,61.3,32.7,42.1,36.8,40.7,48.3,35.8,45.3,49.2,39.8,41.1,38.5,49.4,45.4,40.1,39.9,44.0 ,42.1,38.7,38.3,39.9,43.4,42.9,44.0 ,41.1,45.7,42.7,47.7,39.2,33.7,54.3,48.3,46.5,45.0 ,40.8,59.3,40.9,42.3,41.2,42.3,40.1,35.4,41.6,57.6,48.6,40.8,53.5,47.5,46.7,44.9,42.7,46.7,42.1,45.1,50.2,41.6,59.8,35.3,35.9,42.6,40.1,44.8,38.3,45.2,42.4,45.7,48.9,45.6,49.2,59.0 ,34.4,32.8,49.5,32.7,29.6 ,36.2 ,41.1 ,38.1 ,38.4 ,34.2 ,31.9 ,65.0 ,38.2 ,38.7 ,37.0 ,43.0 ,36.6 ,43.0 ,45.9 ,37.1 ,45.2 ,37.7 ,33.3 ,38.7 ,30.2 ,38.2 ,49.2 ,33.6 ,33.7 ,35.4 ,33.0 ,34.8 ,39.6 ,38.4 ,44.7,37.6,34.5,49.3,46.5,47.6,49.5,43.3,44.5,55.1,45.3,44,41.1,45.7,47.9,49.8,41.4,43.5,43.8,44.4,44.3,41.9,43.6,43.1,53.6,42.5,48.0 ,57.0 ,57.9,45.8,54.1
进水TP浓度,7.78 ,8.78 ,11.70 ,7.53 ,5.61 ,11.63 ,3.56 ,5.80 ,5.53 ,9.49 ,9.75 ,6.82 ,7.02 ,7.62 ,6.84 ,10.50 ,10.92 ,9.63 ,10.05 ,10.81 ,13.42 ,10.35,8.76 ,8.57 ,7.95 ,9.12 ,8.83 ,9.55 ,10.89 ,8.61 ,9.03 ,8.75 ,7.81 ,8.08 ,9.41 ,8.77 ,5.38 ,7.71 ,6.63 ,8.18 ,6.23 ,17.66 ,8.85 ,7.16 ,6.89 ,7.05 ,8.10 ,7.58 ,8.53 ,8.49 ,8.26 ,8.30 ,8.40 ,8.43 ,10.98 ,10.63 ,5.68 ,3.43 ,13.76 ,8.23 ,6.36 ,7.57 ,6.64 ,14.15 ,8.62 ,8.46 ,5.66 ,7.27 ,7.24 ,8.21 ,6.95 ,6.83 ,2.95 ,3.56 ,11.22 ,6.75 ,8.63 ,4.35 ,5.44 ,3.83 ,3.69 ,3.77 ,4.20 ,3.94 ,3.16 ,5.82 ,14.74 ,10.45 ,3.45 ,12.56 ,6.53 ,5.02 ,5.86 ,8.30 ,2.59 ,6.94 ,5.37 ,6.31 ,6.96 ,7.63 ,6.55 ,9.64 ,9.08 ,10.03 ,5.75 ,6.27 ,5.46 ,6.46 ,3.89 ,11.02 ,7.37 ,6.51 ,8.43 ,4.04 ,6.05 ,5.28 ,10.33 ,7.16 ,6.57 ,3.52 ,4.43 ,3.77 ,8.19 ,5.21 ,6.24 ,5.04 ,10.47 ,7.04 ,7.32 ,4.25 ,7.09 ,5.23 ,2.77 ,2.36 ,2.49 ,2.50 ,2.72 ,2.54 ,4.34 ,2.94,2.93,4.03,2.87,3.11,4.79,3.53 ,3.44,3.05,3.25,3.35,3.96,3.01,3.35,7.05,3.47,7.84,5.82,2.9,3.37,3.43,3.62,3.27,2.97,3.24,3.75,3.62,4.02,3.34,2.99,7.23 ,8.59 ,8.92 ,6.27 ,10.12,5.69,5.15,3.51 ,3.17 ,5.27 ,4.39 ,5.11 ,5.36 ,7.28 ,3.24 ,4.87 ,4.55 ,7.98 ,4.04 ,5.85 ,7.10 ,7.03 ,1.60 ,4.39 ,3.47 ,4.08 ,2.54 ,3.24 ,1.61 ,1.72 ,1.66 ,2.75 ,1.94 ,2.62 ,1.98 ,3.19 ,1.21 ,2.36 ,1.56 ,1.56 ,1.77,3.48,3.26,10.05,8.78,4.91,3.34,1.22,2.37,3.9,1.63,3.71,2.86,3.32,2.28,2.14,2.58,2.51,2.49,2.26,2.97,4.77,3.43 ,2.71 ,3.02 ,2.53,2.74,3.52,3.25,2.96 ,2.54,2.67 ,3.70 ,2.84 ,4.45 ,3.81 ,3.42 ,2.99 ,3.84 ,3.83 ,3.41 ,3.37 ,3.09 ,3.41 ,3.27 ,2.71 ,2.46,3.47,5.48,4.01,6.62,2.89,5.89 ,5.73 ,7.08 ,9.58 ,6.25,6.84,5.72,4.75,6.03,3.71,6.41 ,10.50 ,9.17 ,4.81 ,1.77 ,3.94 ,4.03 ,3.68 ,6.91 ,6.06 ,6.22 ,3.43 ,4.03 ,7.69 ,8.06 ,5.83 ,6.13 ,5.96,6.91 ,6.92 ,7.44 ,5.21 ,6.50 ,3.71 ,6.56 ,8.21,5.8,6.12,7.16,2.92,5.23,4.91 ,2.48 ,3.07 ,5.61 ,6.16 ,5.28 ,4.84 ,5.80 ,4.20 ,5.28 ,4.81 ,5.21 ,6.41 ,2.62 ,3.69 ,6.36 ,5.03 ,4.36 ,5.36,6.80 ,6.94 ,5.18 ,3.69 ,8.76 ,4.04,6.26,8.64,3.74,6.01,4.5,5.59 ,4.48 ,5.45 ,3.86 ,4.31 ,3.83 ,3.55 ,4.01 ,3.90 ,5.05 ,6.27 ,4.15 ,5.19 ,3.67 ,8.39 ,4.63 ,4.89 ,12.99,9.12 ,3.59 ,6.92 
出水氨氮浓度,0.18 ,1.43 ,0.12 ,0.86 ,0.72 ,0.92 ,0.74 ,0.49 ,0.21 ,0.98 ,2.44 ,2.09 ,1.67 ,1.41 ,1.73 ,1.20 ,1.48 ,1.57 ,2.87 ,3.95 ,3.91 ,3.45,3.28 ,2.17 ,1.53 ,1.75 ,1.96 ,2.99 ,1.28 ,3.15 ,2.31 ,1.02 ,0.87 ,1.59 ,1.33 ,0.94 ,1.03 ,1.25 ,0.87 ,1.73 ,1.69 ,0.86 ,0.77 ,1.89 ,1.58 ,1.73 ,2.14 ,1.52 ,1.22 ,0.32 ,1.20 ,1.03 ,0.89,0.78 ,0.26,0.55,0.41,0.2,0.39,0.33,0.6,1.37,0.14,0.18,1.21,0.62,0.89,0.66,1.39,0.35,0.8,0.44,0.19,1.01,0.22,0.16,0.87,0.07,0.2,0.13 ,0.04 ,0.18 ,0.25 ,0.20 ,2.11 ,0.17 ,2.4,0.14,0.12 ,0.14 ,0.17 ,0.96 ,2.24 ,0.25 ,0.67 ,0.63 ,1.08 ,0.05 ,0.45 ,0.43 ,0.44 ,0.23 ,0.28 ,0.94 ,0.27 ,1.85 ,0.44 ,0.54 ,0.40 ,1.64 ,0.54 ,1.75 ,2.65 ,0.42 ,1.64 ,0.24 ,0.40 ,0.17 ,0.27 ,0.16 ,0.43 ,0.15 ,0.17 ,0.33 ,0.20 ,0.32 ,0.36 ,0.13 ,0.29 ,0.13 ,0.21 ,0.17 ,0.30 ,0.27 ,0.38 ,0.27 ,0.30 ,0.12 ,0.34 ,0.07,0.54,0.16,0.83,0.73,0.96,0.29 ,0.32,0.42,0.28,0.38,0.1,0.46,0.23,0.11,0.46,0.15,0.23,0.04,0.36,0.42,0.37,0.41,0.60 ,0.25,0.89,0.23,0.38,0.33,0.42,0.03 ,0.31 ,0.58 ,0.72 ,0.1,0.32,0.07,0.15 ,0.48 ,0.50 ,0.71 ,0.84 ,0.13 ,0.63 ,0.16 ,0.12 ,0.21 ,0.08 ,0.16 ,0.36 ,0.19 ,0.56 ,0.13 ,0.41 ,0.35 ,0.62 ,0.26 ,0.71 ,0.70 ,0.74 ,0.06 ,0.22 ,0.08 ,0.65 ,0.56 ,0.38 ,0.07 ,0.67 ,0.78 ,0.38 ,0.193,0.092,0.75,0.316,0.095,0.051,0.200 ,0.989,0.631,0.689,0.363,0.47,0.362,0.513,0.862,0.97,0.957,0.640 ,0.315,0.543,0.822,0.59,0.264 ,0.480 ,0.671 ,0.440 ,0.710 ,0.589,0.259,0.212 ,0.673 ,0.411 ,0.566 ,0.436 ,0.332 ,0.395 ,0.653 ,0.842 ,0.350 ,0.158 ,0.497 ,0.642 ,0.628 ,0.461 ,0.618 ,0.640 ,0.651,0.525 ,0.456,0.518,0.577,0.621,0.436 ,0.202 ,0.372 ,0.315 ,0.348,0.449 ,0.547,0.312,0.331,0.365,0.271 ,0.460 ,0.336 ,0.121 ,0.403 ,0.637 ,0.547 ,0.441 ,0.624 ,0.385 ,0.550 ,0.663 ,0.638 ,0.218 ,0.711 ,0.520 ,0.729 ,0.270 ,0.132 ,0.110 ,0.102 ,0.177 ,0.112 ,0.157 ,0.101 ,0.135,0.123 ,0.174,0.536,0.163,0.287,0.271 ,0.194 ,0.240 ,0.287 ,0.246 ,0.312 ,0.238 ,0.370 ,0.220 ,0.255 ,0.237 ,0.192 ,0.342 ,0.261 ,0.240 ,0.202 ,0.199 ,0.266 ,0.218 ,0.617 ,3.170 ,0.519 ,0.231 ,0.592 ,1.823,0.960 ,0.649,0.663,0.545,0.385,0.290 ,0.492 ,0.330 ,0.369 ,1.130 ,1.007 ,2.400 ,0.840 ,1.043 ,0.812 ,1.816 ,1.601 ,1.250 ,0.696 ,0.352 ,0.611 ,1.079 ,1.627 ,0.671 ,0.306 ,0.994 
出水COD浓度,12.10 ,24.20 ,28.48 ,26.27 ,21.24 ,24.86 ,25.09 ,16.27 ,20.79 ,15.82 ,29.38 ,36.00 ,36.16 ,23.50 ,32.54 ,30.51 ,37.52 ,35.71 ,38.08 ,31.18 ,31.89 ,31.89,34.27 ,36.65 ,32.37 ,30.46 ,36.18 ,32.37 ,30.61 ,33.08 ,30.94 ,29.51 ,27.69 ,32.63 ,28.23 ,29.04 ,30.46 ,34.27 ,37.13 ,44.74 ,37.60 ,32.37 ,41.41 ,36.89 ,33.94 ,31.56 ,33.89 ,28.08 ,27.61 ,29.51 ,31.89 ,28.56 ,32.84,33.08 ,24.95 ,22.00 ,25.50 ,29.00 ,28.50 ,42.80 ,39.52 ,37.35 ,27.74 ,31.54 ,26.03 ,25.46 ,28.31 ,26.87 ,22.42 ,24.13 ,30.02 ,39.58 ,32.23 ,38.76 ,39.17 ,28.56 ,27.42 ,26.11 ,26.93 ,32.23 ,27.74 ,30.95 ,27.14 ,31.38 ,29.34 ,42.40 ,27.14 ,36.29 ,35.42 ,26.78 ,32.83 ,30.24 ,29.38 ,34.99 ,31.97 ,32.83 ,28.55 ,26.83 ,27.75 ,24.34 ,31.20 ,25.27 ,29.64 ,29.02 ,28.08 ,25.52 ,24.65 ,30.26 ,31.20 ,16.35 ,24.92 ,29.39 ,24.55 ,30.13 ,32.74 ,27.90 ,24.42 ,37.30 ,27.75 ,27.53 ,41.07 ,36.41 ,35.96 ,38.18 ,37.74 ,35.08 ,33.52 ,30.82 ,28.20 ,26.92 ,31.80 ,33.92 ,34.34 ,38.16 ,28.83 ,36.89 ,36.46 ,35.62 ,31.38 ,38.4,27.2,32.8,32.92,33.12,29.88,23.60 ,21.60 ,27.20 ,24.4,24.6,17.8,30.01,34.69,17.96,22.29,26.32,35.92,39.85,33.95,34.93,25.34,24.26,25.44,27.21,31.09,34.35,25.73,23.86,27.06,25.09 ,21.58 ,21.10 ,24.55 ,23.11,21.63,28.73,23.98 ,24.85 ,26.81 ,28.25 ,25.50 ,21.62 ,27.74 ,21.83 ,27.13 ,27.21 ,29.78 ,26.52 ,27.54 ,27.54 ,29.38 ,30.26 ,30.35 ,28.68 ,27.31 ,28.72 ,27.73 ,28.41 ,26.63 ,23.74 ,23.52 ,26.88 ,26.04 ,28.35 ,18.64 ,22.27 ,22.99 ,26.52 ,25.05 ,26,26,27,25,27,26,23,24,26,27,23,24,23,26,24,26,27,25,29,25,23,28,18,23,34,27,26,28,28,26,28,31,29,32,28,27,29,28,26,26,26,22,29,28,27,29,29,26,28,27,28,27,26,18,23,22,24,26,24,24,26,29,26,30,25,17,16,27,23,24,26,27,27,26,27,26,27,26,23,27,29,25,28,25,28,24,27,27,28,25,28,24,29,27,26,29,30,26,29,23,27,27,22,23,25,25,22,26,28,25,25 ,24,27,27,23,25,26,24,25,27,25,27,26,27,28,29,27,26,27,25,26,26,25,26,28,24,27,26,28,27,27,30,28,26
出水TN浓度,11.70 ,17.98 ,15.15 ,13.64 ,11.08 ,14.41 ,11.54 ,7.21,10.25 ,7.78 ,8.63 ,10.07 ,10.37 ,11.30 ,11.87 ,11.79 ,13.81 ,12.24 ,14.22 ,11.85 ,11.71 ,10.24,9.65 ,10.13 ,9.85 ,9.16 ,9.57 ,10.11 ,12.38 ,11.52 ,10.35 ,9.66 ,10.09 ,9.17 ,8.46 ,7.41 ,8.15 ,7.64 ,8.21 ,7.43 ,11.04 ,9.79 ,8.21 ,9.07 ,7.93 ,7.59 ,8.15 ,11.36 ,9.59 ,8.81 ,10.15 ,8.37 ,9.9,6.84 ,8.82 ,9.79 ,9.58 ,8.04 ,6.95 ,8.34 ,12.86 ,10.43 ,8.21 ,8.63 ,9.63 ,12.25 ,8.94 ,9.24 ,8.35 ,8.12 ,6.59 ,5.59 ,6.69 ,4.97 ,6.00 ,5.84 ,6.82 ,4.34 ,10.94 ,9.55 ,9.82 ,6.87 ,7.15 ,8.19 ,9.34 ,5.80 ,8.58 ,6.96 ,7.28 ,5.62 ,5.39 ,8.69 ,7.61 ,6.24 ,5.19 ,6.82 ,7.18 ,6.93 ,4.26 ,4.62 ,5.44 ,4.99 ,6.08 ,6.45 ,5.73 ,6.29 ,5.32 ,6.43 ,6.42 ,5.42 ,4.85 ,5.18 ,4.72 ,5.12 ,4.12 ,4.72 ,6.85 ,4.37 ,4.18 ,5.15 ,3.53 ,6.35 ,5.91 ,4.71 ,5.54 ,4.58 ,4.49 ,4.72 ,4.57 ,4.13 ,5.37 ,3.91 ,5.19 ,4.97 ,5.12 ,3.74 ,4.54 ,5.24 ,3.68 ,4.27,4.81,4.03,4.5,4.08,4.63,5.57 ,5.44,5.08,5.31,5.82,6.22,6.04,6.22,8.87,8.12,7.35,7.17,6.27,5.75,8.58,10.91,10.38,9.58,9.73,9.14,8.97,8.54,6.61,5.67,5.46 ,6.31 ,7.78 ,7.62 ,6.39,5.84,4.54,4.66 ,5.14 ,4.41 ,4.18 ,4.39 ,6.34 ,7.48 ,6.95 ,7.60 ,8.93 ,8.35 ,8.15 ,6.87 ,6.72 ,6.29 ,6.31 ,5.92 ,7.95 ,8.45 ,8.91 ,10.23 ,9.68 ,7.39 ,6.78 ,7.31 ,8.43 ,4.82 ,5.40 ,6.49 ,5.33 ,5.16 ,5.73 ,4.56 ,6.63,5.41,5.07,6.79,6.55,7.15,7.32,6.49,8.41,7.03,8.65,7.87,8.62,7.63,8.80 ,7.27,7.05,6.61,6.88,6.45,8.41,9.87,7.94 ,8.25 ,10.58 ,8.48,9.72,8.03,10.8,9.64 ,9.78,8.95 ,9.66 ,8.49 ,7.95 ,7.76 ,7.14 ,9.79 ,7.02 ,11.90 ,8.84 ,10.20 ,9.21 ,10.41 ,10.70 ,10.30 ,7.89,10.5,8.4,9.01,10.2,9.86,10.40 ,10.70 ,9.10 ,10.30 ,9.72,9.53,8.97,10.1,9.75,13.1,10.20 ,8.50 ,12.50 ,9.46 ,7.51 ,6.81 ,8.48 ,10.50 ,7.42 ,10.60 ,8.30 ,7.67 ,7.75 ,8.04 ,9.35 ,7.85 ,8.79 ,7.81,6.85 ,8.25 ,11.04 ,9.54 ,9.40 ,10.00 ,9.34 ,10.32,8.53,9.38,8.59,9.69,10.2,9.20 ,11.7,10.3,12.0 ,8.80 ,10.80 ,9.04 ,10.80 ,7.40 ,7.80 ,8.40 ,9.20 ,11.50 ,10.70 ,9.10 ,11.2,10.6,9.10 ,10.0 ,12.2,11.4,11.1,12.2,10.3,10.8,9.50 ,10.0 ,10.4,8.1,10.1,11.60 ,10.30 ,9.50 ,9.57 ,11.50 ,10.50 ,9.40 ,11.30 ,12.60 ,12.10 ,9.70 ,11.40 ,9.80 ,8.22 ,8.33 ,10.00 ,9.70 ,8.57,8.03 ,6.62 ,11.30 
出水TP浓度,0.05 ,0.05 ,0.12 ,0.08 ,0.09 ,0.29 ,0.09 ,0.12 ,0.30 ,0.11 ,0.27 ,0.09 ,0.34 ,0.26 ,0.34 ,0.14 ,0.17 ,0.11 ,0.16 ,0.14 ,0.06 ,0.15,0.29 ,0.21 ,0.25 ,0.20 ,0.23 ,0.27 ,0.21 ,0.18 ,0.22 ,0.20 ,0.17 ,0.19 ,0.21 ,0.20 ,0.17 ,0.19 ,0.20 ,0.18 ,0.18 ,0.27 ,0.14 ,0.18 ,0.15 ,0.19 ,0.16 ,0.14 ,0.15 ,0.17 ,0.21 ,0.23 ,0.2,0.20 ,0.24 ,0.21 ,0.24 ,0.35 ,0.35 ,0.33 ,0.35 ,0.32 ,0.34 ,0.27 ,0.27 ,0.21 ,0.32 ,0.36 ,0.32 ,0.33 ,0.25 ,0.27 ,0.37 ,0.33 ,0.31 ,0.29 ,0.19 ,0.29 ,0.16 ,0.15 ,0.12 ,0.14 ,0.24 ,0.21 ,0.18 ,0.19 ,0.20 ,0.30 ,0.23 ,0.14 ,0.21 ,0.15 ,0.21 ,0.21 ,0.24 ,0.26 ,0.28 ,0.24 ,0.16 ,0.18 ,0.21 ,0.25 ,0.15 ,0.18 ,0.15 ,0.22 ,0.17 ,0.24 ,0.19 ,0.10 ,0.12 ,0.15 ,0.22 ,0.17 ,0.15 ,0.06 ,0.11 ,0.12 ,0.16 ,0.09 ,0.08 ,0.11 ,0.13 ,0.13 ,0.10 ,0.17 ,0.14 ,0.12 ,0.13 ,0.10 ,0.11 ,0.14 ,0.20 ,0.13 ,0.15 ,0.09 ,0.12 ,0.17 ,0.25 ,0.11,0.19,0.23,0.16,0.14,0.21,0.20 ,0.22,0.19,0.16,0.2,0.34,0.3,0.3,0.43,0.46,0.4,0.4,0.52,0.44,0.19,0.17,0.19,0.22,0.23,0.21,0.2,0.17,0.16,0.16,0.14 ,0.21 ,0.18 ,0.19 ,0.25,0.22,0.18,0.17 ,0.15 ,0.17 ,0.24 ,0.29,0.22 ,0.17 ,0.13 ,0.14 ,0.25 ,0.26 ,0.18 ,0.14 ,0.21 ,0.08 ,0.09 ,0.13 ,0.22 ,0.27 ,0.11 ,0.20 ,0.21 ,0.09 ,0.08 ,0.12 ,0.10 ,0.06 ,0.05 ,0.11 ,0.13 ,0.18 ,0.18 ,0.19 ,0.11,0.04,0.13,0.08,0.24,0.18,0.08,0.13,0.16,0.16,0.17,0.15,0.17,0.16,0.08,0.12,0.14,0.20 ,0.14,0.16,0.15,0.18,0.13 ,0.12 ,0.12 ,0.11,0.15,0.18,0.13,0.09 ,0.15,0.11 ,0.19 ,0.16 ,0.15 ,0.14 ,0.15 ,0.14 ,0.11 ,0.12 ,0.11 ,0.14 ,0.16 ,0.17 ,0.15 ,0.04 ,0.28,0.26 ,0.23,0.21,0.24,0.27,0.25 ,0.21 ,0.18 ,0.17 ,0.20 ,0.19 ,0.21,0.17,0.19,0.24,0.21 ,0.19 ,0.20 ,0.21 ,0.12 ,0.24 ,0.19 ,0.23 ,0.20 ,0.14 ,0.15 ,0.13 ,0.21 ,0.23 ,0.28 ,0.18 ,0.24 ,0.22,0.12 ,0.13 ,0.23 ,0.32 ,0.19 ,0.19 ,0.37 ,0.33 ,0.12 ,0.18,0.11,0.18,0.2,0.14 ,0.10 ,0.20 ,0.18 ,0.17 ,0.26 ,0.15 ,0.23 ,0.16 ,0.15 ,0.16 ,0.16 ,0.14 ,0.05 ,0.18 ,0.17 ,0.20 ,0.15 ,0.25,0.18 ,0.20 ,0.15 ,0.09 ,0.12 ,0.11 ,0.09 ,0.26,0.13,0.09,0.08,0.13 ,0.08 ,0.09 ,0.12 ,0.07 ,0.13 ,0.07 ,0.11 ,0.09 ,0.13 ,0.13 ,0.13 ,0.10 ,0.06 ,0.09 ,0.08 ,0.09 ,0.14,0.10 ,0.08 ,0.10 
MLSS,7381,7332.5,6775,6842,6581.5,7066,7176,6897,7225.5,6612,6897.5,6926,6940,6931,6724.5,7861,7046.5,7156.5,7183,7278,7372,6368.5,7552.5,6795.5,6804,6930.5,7368.5,7560,6906,7048.5,7101,7090,6917.5,7262,7096,7186,6990,7109.5,7078,7387.5,7396.5,7304,7468,7387,7121.5,6988.5,6774,7418,7064.5,6788.5,6908,6900,6892,6869.5,7086,7075,6993.5,6693.5,6823,6769.5,6626,6171.5,6605.5,6620,6150.5,6300,6388.5,7362.5,7459.5,7698.5,7502,7407,7214.5,7460,7418,7390,7241.5,7403.5,7427.5,7408.5,7082.5,6619,6497.5,6423,6359,6550.5,6526,6636.5,6499.5,6713,6701.5,6547.5,6470.5,6659.5,6671,6563,6577.5,6677,6464,6344.5,6630,6608.5,6650.5,6780.5,6617.5,6430,6527.5,6397.5,6674,6771.5,6746.5,6854.5,6847,6765.5,6281,6308.5,6443.5,6668,6360,6252.5,6546,6815,6809.5,6732,6603,6748,7139,7329,7641,7477.5,7081.5,7484.5,7144,6977.5,6535.5,6855.5,6872,6964,6832.5,6438.5,6469,6665,6911,6536,6739.5,7129.5,7359,6859,7102,7101,6905.5,6818,6587.5,6209.5,5928.5,6108,6267.5,6241,6302,6732,6582,6650.5,6450.5,6562.5,6510.5,6365,6749,6530.5,6238,6421,6388,6250.5,6044.5,6146.5,5790.5,6292.5,6173.5,5930.5,6475,6406.5,6542.5,6309,6210,6337,6365,6714,6936,6836,6590,6685.5,6812.5,6819.5,6870,6898,6737.5,6678,7295.5,7187,7078.5,7035.5,7175.5,7057.5,6943.5,6716.5,6702,6584.5,6736,6117.5,6389,6166.5,5984,6064,5790,5808,5988,5920.5,6676,7076,7421.5,7589,7497.5,7408,7443,7073.5,6989,7190.5,7080.5,7338,7205.5,7099.5,7470,7496,7586,7063.5,7191.5,7091,7129.5,6901.5,7005,6800.5,6702,6541.5,6651,6801,6711,6788.5,6750,6519,6422.5,6456.5,6514,6567,6443.5,6195.5,6295.5,6117.5,6211,6507.5,6180,5765.5,5781.5,6059.5,5952.5,5836,5628.5,5672,5801.5,5815.5,5641.5,5341.5,5458,5410,5528,5427,5509.5,5037,5022.5,5091,5201.5,5321.5,5213,5068.5,5206,5352.5,5220.5,5423,5609,5713.5,5403.5,5289.5,5439.5,5373.5,5266.5,5336,5524,5253,4848.5,4772.5,4809,4606.5,4931.5,5007.5,4921.5,4731,4672.5,4751,4627,4570,4472.5,4548,5152,4842.5,4959.5,5036.5,4851.5,4841,4914,4821,4856.5,4983,5077.5,4870,4793.5,5063,5265.5,5227,5261.5,5162,5236.5,5172,5256.5,5131.5,5078,5259.5,5219.5,5150,5277,5149,5221,5260.5,5338.5,5156,5171,5179,5307.5,5764,5623,5573.5,5559.5,5690,5612,5606.5,5701.5
好氧池末端DO,0.688494705,0.934367167,0.915276713,0.889541261,0.817391088,1.056699098,1.60279351,1.69918244,0.875196833,0.796495438,0.793240887,0.897454955,0.817413162,0.836472414,0.810909236,0.873321759,0.737352189,0.79447144,0.732089776,0.795835957,0.803052969,0.863637919,0.896565306,0.821456981,0.811318174,0.805402901,0.947831235,0.76698713,0.728527045,0.792550194,0.844464796,0.792009924,0.763540232,0.761081106,0.725062041,0.912505233,0.841561271,0.965421595,0.836698545,0.678420491,0.764816677,0.73341643,0.594978152,0.684102376,0.664698163,0.985004174,0.688559139,0.7989555,0.651898801,0.718158439,0.83466614,0.698157772,0.60655755,0.752224635,0.733326938,0.826421853,0.690490976,0.699677396,0.650555221,0.869346803,0.761180035,0.820498987,0.644456644,0.691152548,0.73402657,0.589657153,0.630363765,0.759869868,0.633183929,0.722553787,0.607834913,0.539539632,0.589494471,0.644579435,0.668810807,0.664162461,0.717306038,0.717735056,0.592230378,0.585171105,0.597558773,0.559733922,0.545737713,0.562902337,0.528198552,0.507593095,0.514884795,0.562025592,0.625734548,0.634245145,0.544860894,0.519735023,0.514307724,0.528371502,0.636490218,0.481676619,0.51358919,0.584071902,0.530345024,0.584841277,0.590752983,0.6869111,0.539839837,0.600633373,0.555550508,0.619000999,0.471032547,0.548385002,0.451872813,0.517861661,0.421467008,0.44462977,0.774374825,0.974947721,0.696487475,0.779478004,1.170190706,0.866880202,0.770882716,0.734737639,0.697606787,0.717046598,0.613479896,0.723884776,0.523093695,0.573065699,0.622429322,0.720678052,0.694841352,0.60609541,0.6260811,0.608458893,0.615005769,0.55889685,0.583842658,0.602662486,0.649420367,0.576293939,0.619365172,0.679408018,0.776733878,0.632199236,0.67250937,0.758075485,0.763365389,0.709220105,0.689002454,0.766306471,0.86297053,0.834423397,1.048612103,1.056035196,1.137895296,1.828855148,3.43100744,3.648522665,2.335222335,1.528031498,1.233365343,1.192759607,1.144448211,1.151897859,0.946184481,0.95782986,0.892734623,0.884327753,0.99471748,1.027689831,1.062409888,1.065369056,0.956253217,0.9392141,0.929428355,1.136135422,0.976807257,1.059711173,1.168942605,1.910203605,1.255505316,1.678197535,2.047923028,1.631461151,1.376867676,1.356329873,1.240380855,1.323970066,1.156038078,1.46895234,1.210557759,1.311558813,1.581465243,1.544013468,1.193132887,1.100572257,1.395784217,1.022321428,0.994324726,0.936935936,0.946344896,0.987086957,1.062018926,0.874623181,0.963275334,1.169112847,1.391217937,1.208730679,1.489497771,1.230959095,1.033667091,0.999904107,1.032816345,1.06501581,1.146229339,0.944359302,1.09383013,0.897308363,0.956115065,0.852853286,1.277241078,1.610277945,1.012485918,0.976023983,0.892817275,0.896560324,0.843543833,0.835349236,0.883161075,0.787755306,0.780776241,0.732743695,0.895960887,0.795101244,0.909718052,0.838413439,0.826468335,0.91085322,0.840273565,1.091486839,0.973231186,0.944538943,0.993835781,1.205268291,0.933763238,0.943538785,0.974734905,1.061349077,1.163625665,1.087976714,1.047570102,1.183297608,1.026614983,1.408385647,1.487384718,1.195322922,1.376113267,1.463869529,1.310359651,1.240898274,1.321395739,1.384966284,1.393035353,1.234883443,1.269029902,1.316280736,1.248588651,1.17474904,1.407402047,1.210940327,1.152873139,1.083176373,1.045538953,0.965803016,1.051833957,1.238554214,1.401963631,1.473060994,1.11643675,1.044911259,1.012983253,1.222461859,1.11065454,1.056133809,1.082151704,1.09954108,1.112971835,1.191409428,1.003174281,0.988804137,1.086290258,1.068902796,1.116347765,0.952191119,0.962646121,1.110752072,1.093224669,1.073714756,1.116394484,1.212965248,1.115161685,1.071054086,1.155418932,1.184109718,1.18873448,1.006134453,1.078444642,1.003779205,0.995350967,0.967043515,1.142832004,1.282200883,1.018170382,1.002883393,1.090427767,1.019405246,1.051156398,1.11431111,0.974786511,0.761316524,0.787124706,0.876978528,0.737071582,0.742443727,0.990654195,1.012996142,0.81785267,0.768826288,0.867042259,0.781268712,0.77130937,0.950631768,1.109786781,0.896751787,0.926399389,0.919100763,0.964442447,0.893467528,0.889554945,0.905088718,1.053695619,1.312981873,1.087792768,1.006633894,1.011037488,0.988631388,0.95786051,1.014898463,1.191302809,0.924324301,0.952709465,0.969717317,1.25427178,1.293430763,1.227563738
氧化沟ORP,16.12022425,20.8712829,14.88321074,0.086572965,-3.748982811,31.90317808,46.52018988,42.26974731,32.57858746,15.6061714,8.323308416,2.703081481,-16.18404165,-10.64518504,-7.673295118,-38.97381017,-59.1479746,-48.05363858,-49.28706753,-67.65699275,-78.51015488,-77.81182369,-90.90937559,-91.86085942,-83.85030293,-82.41252089,-69.91737171,-75.08382138,-81.55666566,-81.92554514,-78.6192439,-84.41759173,-82.98200504,-77.9454716,-77.55209923,-67.04713313,-59.71508737,-65.15095027,-64.96164012,-64.83498768,-78.49458186,-85.48821227,-78.15966332,-91.99469018,-83.05936305,-74.58129605,-66.73894012,-70.5802652,-62.39288318,-64.98019711,-63.56797944,-72.36431463,-76.65423481,-73.92054669,-62.19490226,-56.98081569,-51.57788597,-61.43103194,-68.98041022,-77.91028364,-71.1544311,-77.04799096,-81.88497432,-80.66886584,-69.3330969,-57.05513779,-60.9588749,-66.79768602,-77.02460272,-74.17188438,-92.47076567,-101.7711624,-68.52391219,-68.72437835,-41.17616141,-37.13803149,-39.70322963,-29.99727874,-48.34127374,-44.03100491,-33.6144523,-37.75646482,-43.89722612,-46.01765839,-52.49905431,-59.29482909,-67.24887574,-52.9774545,-43.59047643,-34.94942952,-37.60988224,-43.72909238,-46.54511499,-49.82389201,-46.53390674,-50.4347593,-49.00073206,-52.69828502,-71.09305513,-80.43834074,-61.19925074,-55.44084909,-67.88837417,-56.25305263,-64.59767071,-58.26221836,-85.24990177,-89.86133715,-125.193565,-156.7877665,-152.0712746,-178.0622547,-114.5982004,-123.8000501,-91.84912992,-81.81981926,-94.06456768,-99.28941078,-55.19063559,-52.98983243,-34.29168016,-34.1460143,-51.31742077,-60.02237932,-62.82005405,-57.9019107,-81.96566188,-55.92009174,-51.53710345,-52.5447373,-40.10834657,-59.19104056,-47.5218428,-60.88012484,-60.20748255,-72.57096859,-72.04836525,-75.41358376,-133.2272808,-102.7988892,-81.25185033,-69.6719863,-80.86736268,-53.50015636,-40.37633079,-34.15615195,-37.14983995,-41.15112027,-37.32061762,-44.452007,-42.70790339,-28.54618866,-21.73514889,-24.23654771,-8.955322072,40.01131983,10.90665902,-21.67617215,-18.18341246,-24.27895878,-23.56042474,-31.03233702,-39.13877582,-42.18920221,-39.56510863,-40.20172894,-56.03782642,-78.46901611,-49.99787279,-39.4445001,-44.3313796,-36.1948566,-42.57065312,-61.46084867,-54.24480339,-54.13132016,-47.63174303,-57.14083582,-60.45388051,-42.78296089,-26.75507738,-26.94355635,-20.24567378,-29.06223361,-27.85835638,-38.98717185,-41.59633554,-38.15725831,-44.28292558,-22.0932829,-17.18002801,-30.13143936,-30.82631978,-31.37969583,-30.88073327,-24.72330785,-24.35652368,-34.11896523,-33.3396602,-41.95157967,-61.30365709,-77.30642331,-45.56348578,-50.20368385,-52.23989731,-37.15280326,2.823805535,-29.80700622,-40.50900428,-37.7201285,-33.06772411,-45.27797296,-51.69501825,-47.08780428,-27.79888723,-26.00677721,-34.89562808,-33.35911781,-26.16188479,-26.23733853,-14.3637735,-11.46060854,-9.270932886,-18.78067313,-20.73180298,-22.33740688,-15.52514221,-20.1580638,-23.25575758,-27.66198661,-24.06861216,-13.95577269,-12.23447077,-18.33316784,-14.96252104,-13.03506442,-20.4284332,-18.15938755,-26.6280101,-30.50752593,-32.45309327,-0.625857902,1.117937038,-24.38948525,-12.9724129,-6.987061229,-11.35869774,-6.316093314,-5.975006579,1.400006127,-12.79515159,-2.242497581,-0.589592808,7.417193953,15.26043282,2.32280394,-1.421373638,3.304059952,1.701747868,-7.529899079,0.910370709,-3.563516377,-2.77918889,3.699337107,10.9539757,2.687402981,6.012656982,7.90970363,2.545111555,-5.951276245,-7.74722186,-11.24026268,-16.74147595,-22.28977075,5.367266571,-1.261009839,-15.99960979,-26.36768659,-19.36731247,-13.69480075,-11.04193221,-21.96237889,-29.67321569,-23.16313353,-26.25869563,-33.98474385,-33.2964282,-26.39407215,-28.96475887,-25.19190999,-19.18114935,-27.27720165,-28.36346734,-23.61115805,-23.29668427,-31.83767192,-25.54788484,-26.42501563,-29.9904539,-35.21621127,-29.7580817,-23.48303044,-15.6865341,-17.51445185,-20.68331575,-28.65983935,-26.10759703,-22.81733203,-21.65376703,-22.3500369,-27.35570879,-27.97051212,-24.47803886,-14.12686297,-3.034716761,-5.118849174,-13.40228758,-37.40682228,-31.42692671,-45.52535192,-57.47552554,-50.60687347,-34.30772807,-22.92850179,-26.06775994,-33.66423022,-30.78754972,-37.25366375,-41.70596226,-29.60378052,-26.96416884,-22.90676292,-22.35299344,-31.05347356,-32.47821088,-27.3396447,-30.93075886,-32.541174,-31.56052379,-22.81184985,-45.67449159,-44.44063968,-39.3467743,-35.97286409,-44.92472764,-41.20891738,-41.79120191,-48.72969381,-52.84601138,-48.22985481,-39.26885136,-30.24384887,-21.73000367
有机负荷,0.051166499,0.133775348,0.182864488,0.123889267,0.086914999,0.1529639,0.135878037,0.089739724,0.074380632,0.138699875,0.10515996,0.130514665,0.10632443,0.119262316,0.118388923,0.130234132,0.162561769,0.142621305,0.145080517,0.141666247,0.17211857,0.216746862,0.077289335,0.099567519,0.050943549,0.062732761,0.059973163,0.054512677,0.053879025,0.059838649,0.061729775,0.05454349,0.047465542,0.042172475,0.050041292,0.04322107,0.054158645,0.070682545,0.05916573,0.067500678,0.069027373,0.075420819,0.060020687,0.067696037,0.061408074,0.049363759,0.047817408,0.042520096,0.044676339,0.081878,0.109835933,0.125166062,0.134363784,0.12393426,0.047013269,0.043498925,0.027533766,0.10167097,0.150960739,0.116319739,0.141316769,0.128720546,0.12931614,0.096631155,0.097265194,0.105703332,0.069826562,0.156244807,0.076496954,0.066915122,0.052008794,0.056696049,0.076533413,0.08577355,0.058937435,0.066555724,0.057512656,0.063397164,0.052409136,0.065432054,0.056611619,0.044000372,0.104269992,0.083993557,0.061072039,0.047963148,0.055147074,0.043249231,0.112849908,0.137791571,0.09461378,0.083990324,0.079789339,0.080099814,0.069415738,0.07112067,0.08973841,0.084858443,0.089536519,0.072910105,0.05306722,0.065968885,0.110680286,0.121855981,0.074754133,0.083612188,0.075815151,0.064212531,0.067499691,0.190758584,0.142178783,0.118274053,0.115107731,0.089972986,0.051488933,0.103265789,0.172186909,0.092570232,0.125125369,0.079423218,0.066302159,0.082536777,0.103552025,0.064440985,0.108641577,0.098165424,0.046644822,0.069206039,0.098199506,0.082454509,0.115983263,0.0922595,0.069378732,0.065491921,0.065531232,0.05104699,0.063575573,0.069137279,0.074459129,0.096867059,0.094972691,0.097048741,0.078424578,0.07634983,0.086869801,0.0739793,0.081413399,0.076105569,0.088136618,0.070566303,0.151347151,0.097203168,0.086582309,0.16098529,0.087823362,0.066739862,0.059031729,0.063862919,0.065105122,0.059838039,0.062087672,0.07405374,0.074934321,0.097055963,0.119251475,0.120697565,0.09155888,0.088874788,0.07903981,0.102905336,0.139339196,0.118201503,0.143438928,0.117935184,0.118782789,0.057752143,0.100790194,0.0916192,0.091818449,0.095472255,0.080601994,0.124107494,0.116994304,0.07994742,0.0947136,0.147116764,0.099615894,0.131248038,0.096149089,0.147232131,0.196375342,0.105727558,0.108565877,0.140964837,0.119219281,0.071520869,0.064127565,0.084316147,0.076625315,0.085722671,0.074717853,0.074817492,0.068270656,0.083227769,0.046888093,0.075379618,0.069978455,0.061247327,0.053637333,0.200000778,0.155426471,0.156105937,0.122882803,0.13283961,0.130045997,0.133927347,0.126011718,0.098455059,0.150888527,0.11598863,0.086258391,0.081617711,0.096797536,0.068302182,0.076891638,0.087007556,0.093320577,0.076997944,0.087006426,0.085443989,0.063220126,0.086259613,0.057616127,0.070068606,0.073702724,0.070227161,0.105807893,0.06785719,0.082431365,0.062285177,0.070935542,0.070685963,0.065926928,0.079181297,0.080425698,0.102021831,0.100232432,0.093123415,0.068225457,0.090393849,0.090357963,0.137469094,0.11394127,0.106150187,0.064227074,0.090215975,0.107236065,0.111525716,0.117626963,0.120225826,0.09407268,0.130265967,0.140208018,0.127956438,0.136821391,0.126577383,0.119397693,0.11489964,0.127291739,0.12054662,0.084915071,0.105692696,0.220347323,0.272701003,0.144030534,0.123648566,0.068714874,0.098786565,0.089078063,0.060822851,0.130943246,0.109650959,0.073152516,0.107158972,0.146231773,0.151819288,0.111182498,0.058496883,0.100453653,0.079801774,0.077977713,0.107224161,0.092945871,0.125980531,0.072397538,0.103167083,0.107305399,0.096864596,0.100638089,0.205743189,0.099451375,0.117372376,0.091700962,0.098193677,0.121124806,0.110784569,0.116840471,0.099969866,0.126476914,0.117452645,0.111394565,0.118967853,0.117778209,0.107222828,0.117989264,0.092607053,0.074412536,0.099756304,0.082060861,0.084836926,0.099217444,0.092789017,0.128473141,0.082087864,0.065880272,0.114974741,0.110822389,0.112094293,0.113652969,0.110154988,0.100376187,0.124928985,0.108442176,0.095954021,0.091972904,0.084810641,0.114119408,0.069291857,0.075847364,0.079534645,0.095765113,0.092671573,0.081388734,0.082837536,0.057162829,0.065285219,0.060586733,0.060367033,0.066833184,0.091012493,0.124953386,0.104904175,0.059039621
氨氮负荷,0.010597983,0.008388352,0.009631516,0.009617693,0.007194963,0.004141704,0.006483838,0.005661687,0.006537114,0.008688365,0.0102583,0.0087222,0.009812397,0.009831783,0.011540746,0.008356303,0.010510268,0.009135479,0.010885953,0.009837991,0.010627073,0.012849926,0.010821961,0.012835837,0.009882886,0.011189968,0.009371539,0.0107189,0.010418946,0.011225723,0.011135272,0.009282625,0.008544604,0.009215506,0.009881285,0.009668094,0.011913969,0.010358937,0.009419494,0.00747533,0.008283213,0.007201329,0.008214798,0.010311364,0.009738415,0.010096233,0.010835395,0.009379286,0.010813498,0.01076213,0.011291714,0.01136038,0.011143663,0.011526624,0.007705649,0.007368612,0.006527531,0.008945347,0.008218535,0.008847035,0.007028785,0.010642437,0.008719064,0.007861435,0.009308063,0.010696785,0.008414565,0.006709491,0.008087157,0.005826254,0.006024587,0.007494992,0.007784756,0.006900906,0.007209928,0.007740736,0.007384292,0.008879993,0.006757242,0.007956792,0.007632133,0.008959313,0.008982719,0.008748383,0.0107505,0.009250878,0.009154023,0.007428311,0.010978209,0.006278962,0.007302304,0.008153192,0.007432909,0.008325641,0.007385301,0.008101984,0.011218301,0.007749511,0.00847666,0.008476524,0.00759679,0.008212463,0.006335323,0.011819073,0.007627827,0.00905099,0.008097255,0.00737931,0.008231728,0.01342014,0.008588444,0.009363827,0.007350665,0.005425421,0.008772263,0.009185315,0.00677106,0.007541885,0.006184258,0.008698037,0.008470402,0.008414273,0.008060484,0.009082204,0.009000682,0.008946271,0.008423175,0.007990899,0.006010468,0.007761536,0.007559679,0.007439706,0.008484047,0.007072243,0.009044757,0.008544614,0.008428062,0.008296042,0.009092774,0.008992094,0.010670996,0.007802244,0.008712739,0.008621384,0.009879464,0.007920257,0.008770112,0.00847614,0.008047288,0.008705775,0.008796091,0.008465027,0.008959525,0.012203906,0.01411777,0.007533247,0.007934002,0.008509318,0.008600196,0.008637,0.009552568,0.008217972,0.009704106,0.008294899,0.011307879,0.0121416,0.010201192,0.006442564,0.010218598,0.007106753,0.011221646,0.009548184,0.013810702,0.008792414,0.010592815,0.009470546,0.012756816,0.009256723,0.006286838,0.008223226,0.008102211,0.007290218,0.01058494,0.009236894,0.009760949,0.011527495,0.008723258,0.011870164,0.007129634,0.009771587,0.01480132,0.005796192,0.008194133,0.011390746,0.011335673,0.006552856,0.007828029,0.008986098,0.011123872,0.011116701,0.009155656,0.007441481,0.011103353,0.011419233,0.005177941,0.007115678,0.010720861,0.012043687,0.007273207,0.010706478,0.012209492,0.011849492,0.008663928,0.009073566,0.009783834,0.006618683,0.007961786,0.016198332,0.020442962,0.008397094,0.007570139,0.00631879,0.008305287,0.009761642,0.008329927,0.008858473,0.009148562,0.008148326,0.008970849,0.008459239,0.00750591,0.008876716,0.008252441,0.007925793,0.008134597,0.00791449,0.007718773,0.008200502,0.007069191,0.008104577,0.008834463,0.008193146,0.008816419,0.007689722,0.008559065,0.008778623,0.008392164,0.007863159,0.008535088,0.008504158,0.008005398,0.009985452,0.008772943,0.010985974,0.009813235,0.009783557,0.011556185,0.008793374,0.008397595,0.007601179,0.008671846,0.00938637,0.0111455,0.010474716,0.011208359,0.010955597,0.010118954,0.01145891,0.011063052,0.01082595,0.009813142,0.01090374,0.011616498,0.017139834,0.021879125,0.007503133,0.010591961,0.011861732,0.012309606,0.013445051,0.009567587,0.010894581,0.011042547,0.011392316,0.014049719,0.010543933,0.013064681,0.008917907,0.008478657,0.008694357,0.013907965,0.008706485,0.008760776,0.011027303,0.010082028,0.009560351,0.008692693,0.010672099,0.009369753,0.015090223,0.010043604,0.009882214,0.010406514,0.010801304,0.011127429,0.01401099,0.012863509,0.009861434,0.013788837,0.010998216,0.007174565,0.011508001,0.011906775,0.01061577,0.013902931,0.009827007,0.008629353,0.009686015,0.00974883,0.009281032,0.010785896,0.009024685,0.015355961,0.010563004,0.008535792,0.01086669,0.01275337,0.010581929,0.011504577,0.011918886,0.010009659,0.012259931,0.011184874,0.012286795,0.010930965,0.010980186,0.013103661,0.012438456,0.010558608,0.01075586,0.011364896,0.01135681,0.011361649,0.010562456,0.009802817,0.009816099,0.009736312,0.009696752,0.009540679,0.010854464,0.009341639,0.007969115,0.009090227
,,,,,,,,,,,,,,,,,,,,,,,,,,,,,,,,,,,,,,,,,,,,,,,,,,,,,,,,,,,,,,,,,,,,,,,,,,,,,,,,,,,,,,,,,,,,,,,,,,,,,,,,,,,,,,,,,,,,,,,,,,,,,,,,,,,,,,,,,,,,,,,,,,,,,,,,,,,,,,,,,,,,,,,,,,,,,,,,,,,,,,,,,,,,,,,,,,,,,,,,,,,,,,,,,,,,,,,,,,,,,,,,,,,,,,,,,,,,,,,,,,,,,,,,,,,,,,,,,,,,,,,,,,,,,,,,,,,,,,,,,,,,,,,,,,,,,,,,,,,,,,,,,,,,,,,,,,,,,,,,,,,,,,,,,,,,,,,,,,,,,,,,,,,,,,,,,
电单耗KWh/m3,0.665168108,0.629854279,0.613431912,0.699394287,0.630823199,0.61455583,0.571556236,0.533964177,0.685971944,0.678186548,0.673215934,0.707993158,0.718813666,0.692238525,0.742098711,0.708310595,0.70546446,0.731445937,0.721494891,0.694526683,0.731201383,0.747649085,0.67925284,0.732836932,0.857421875,0.769586689,0.895697281,0.832191327,0.737775547,0.76384331,0.752795227,0.770008067,0.795515193,0.763731861,0.765139684,0.802715356,0.74286966,0.656047039,0.737717014,0.739279661,0.756550265,0.787315126,0.759197908,0.753870982,0.803155392,0.825502136,0.741167801,0.745989305,0.801100071,0.831057538,0.799689654,0.789314562,0.827019966,0.815254161,0.661374547,0.772482706,0.836952504,0.7674623,0.667092477,0.666378901,0.79677022,0.74625075,0.767684644,0.791810127,0.771554802,0.635338016,0.769976845,0.71285435,0.695562347,0.705844628,0.716392609,0.71492461,0.727719756,0.687079751,0.746713563,0.682964957,0.74128392,0.56571517,0.67974421,0.642420487,0.669120271,0.6524788,0.600054526,0.638605302,0.520711727,0.551868817,0.625211701,0.632527619,0.492839839,0.442703789,0.405559712,0.399701598,0.605096832,0.596804797,0.625698324,0.572865038,0.533948003,0.55286638,0.563665227,0.518244899,0.539729977,0.519987742,0.554468766,0.573886226,0.559160514,0.50878101,0.559591332,0.560462393,0.506092958,0.536565154,0.547495801,0.571295882,0.520510628,0.542789664,0.510270505,0.490338404,0.496374208,0.465881023,0.557441695,0.57501687,0.569566195,0.542964116,0.546210789,0.520372486,0.490895199,0.504805909,0.507799135,0.482032431,0.516579763,0.511056761,0.510261542,0.521661823,0.361077764,0.39469533,0.382490994,0.374821919,0.34514811,0.404043782,0.475639912,0.506495224,0.513583191,0.482004282,0.502766298,0.5428054,0.5251063,0.563283561,0.509418586,0.502596391,0.544643151,0.510482024,0.518117986,0.565117441,0.561704083,0.456864528,0.384743388,0.377548344,0.500937669,0.48659603,0.464502981,0.475259718,0.515447207,0.530262273,0.519082271,0.538708318,0.504303706,0.495532646,0.485586543,0.471511628,0.496194174,0.537754348,0.451396152,0.508569228,0.424944454,0.506811905,0.466020308,0.541205492,0.397408309,0.399604329,0.460465953,0.47010661,0.410766208,0.499707881,0.436132426,0.494777266,0.496526229,0.436312495,0.479565616,0.417192256,0.530714698,0.468194632,0.34473487,0.453061102,0.519265816,0.462676019,0.465077433,0.532953991,0.508806388,0.519488717,0.476081335,0.408003752,0.465116279,0.497381264,0.456688977,0.395366364,0.430021894,0.413421564,0.284789126,0.444581592,0.476698142,0.46933475,0.41117554,0.378661137,0.441715511,0.47883885,0.47129397,0.480788942,0.422030942,0.47176626,0.358882934,0.35921725,0.288302155,0.451013711,0.430600404,0.4409017,0.679403651,0.493756991,0.4864998,0.488577768,0.459791031,0.450379948,0.48725487,0.421535842,0.411305051,0.393413528,0.464516505,0.45989243,0.431672627,0.504882596,0.505290075,0.52269139,0.505693191,0.522527813,0.526995074,0.525111736,0.501713692,0.515039275,0.489348694,0.445159394,0.482042197,0.420811382,0.506507736,0.473970224,0.483123342,0.482642705,0.446705522,0.381378528,0.415603072,0.408116474,0.47988532,0.449288169,0.455891365,0.455864836,0.476941512,0.450511398,0.466923742,0.461668674,0.469889457,0.44943678,0.435831965,0.451130726,0.442789695,0.46665193,0.435124224,0.343355923,0.350996955,0.417881697,0.426636298,0.469160707,0.437270933,0.378064243,0.351028096,0.365650881,0.449111419,0.398236723,0.37490838,0.386566033,0.486458477,0.488681943,0.504630108,0.502557144,0.536881251,0.545242775,0.518555632,0.48409835,0.575132132,0.524413922,0.560906096,0.533749031,0.525731895,0.516629175,0.539998588,0.456963053,0.425929682,0.484158087,0.5019107,0.503305538,0.486815212,0.528632573,0.370845089,0.435789537,0.51330584,0.455792637,0.39437639,0.478637395,0.421858048,0.503632047,0.461784506,0.484474566,0.525038535,0.489429023,0.481451528,0.4648475,0.458522816,0.542264811,0.537205425,0.544782095,0.55551028,0.552200574,0.57257022,0.563353048,0.564813375,0.547933157,0.568121457,0.544380896,0.547466468,0.592128876,0.531591072,0.525538317,0.536826059,0.374888075,0.466045718,0.524591964,0.568521141,0.585669013,0.621696986,0.604660062,0.607466161,0.624735775,0.598285156,0.575702099,0.606546198,0.629284194,0.526180698
